Risk_Strategy,Avg_Excess_SPX,Avg_Excess_6040,Win_Rate_SPX,Avg_Sharpe,Avg_Calmar,Best_CAGR,Best_Strategy
KellyCriterion,-0.07970561922932001,-0.06236573478712726,0.022222222222222223,0.008072731875825367,-0.0017731867795168406,0.13309378986657827,Linear_5d_SolitonCore
VolatilityTargeting,-0.08107496991594933,-0.06373508547375654,0.0,0.020014088683824913,0.020029886182600657,0.0009337582108641662,Linear_5d_Traditional
MaxDrawdownControl,-0.0812067330657411,-0.06386684862354834,0.0,0.012045890905150883,0.007016307260456027,0.0002946277022108923,Linear_5d_Traditional
VaRBased,-0.08119009662581352,-0.06385021218362073,0.0,0.012406115318583268,0.008679951253215043,0.000358006954194412,Linear_5d_Traditional
RiskParity,-0.08069982735972044,-0.06335994291752765,0.0,0.012400244928213051,0.029302776564957188,0.005009193087738062,Linear_5d_SolitonCore
ConservativeBalanced,-0.08122324293529358,-0.06388335849310083,0.0,0.018917424044723966,0.0053653203052062,0.0002493127727583033,Linear_5d_Traditional
